<?xml version="1.0" encoding="UTF-8"?>
<beans xmlns="http://www.springframework.org/schema/beans"
	xmlns:xsi="http://www.w3.org/2001/XMLSchema-instance"
	xmlns:aop="http://www.springframework.org/schema/aop"
	xmlns:p="http://www.springframework.org/schema/p"
	xsi:schemaLocation="http://www.springframework.org/schema/beans
	http://www.springframework.org/schema/beans/spring-beans-3.1.xsd
	http://www.springframework.org/schema/aop
	http://www.springframework.org/schema/aop/spring-aop-3.1.xsd">
	
    <bean id="dao" class="com.sms.dao.UserInfoDao"></bean>

	<bean id="service" class="com.sms.service.UserInfoService">
		<property name="dao" ref="dao"></property>
	</bean>
	
	<bean id="loggerBefore" class="com.sms.aop.LoggerBefore"></bean>
	<bean id="loggerAfter" class="com.sms.aop.LoggerAfterReturning"></bean>
	
	<aop:config>
	    <aop:pointcut id="pointcut" expression="execution(public void addUser(com.sms.model.UserInfo))"></aop:pointcut>
	    <aop:advisor pointcut-ref="pointcut" advice-ref="loggerBefore"></aop:advisor>
	    <aop:advisor pointcut-ref="pointcut" advice-ref="loggerAfter"></aop:advisor>
	</aop:config>
	
</beans>