<?xml version="1.0" encoding="UTF-8"?>
<!DOCTYPE mapper PUBLIC "-//mybatis.org//DTD Mapper 3.0//EN" "http://mybatis.org/dtd/mybatis-3-mapper.dtd">
<mapper namespace="com.songfayuan.ssm.dao.UserRoleDao">
	
	<!-- 获取用户角色 -->
	<select id="findUserRoleByUserId" resultType="com.songfayuan.ssm.entity.UserRole" parameterType="java.lang.Integer" >
		select
			*
		from
			userrole
		where
			userid = #{userid}
	</select>
	
	<!-- 用户角色列表 -->
	<select id="getList" resultType="com.songfayuan.ssm.entity.UserRole" >
		select
			*
		from
			userrole
	</select>
	
	<!-- 查询角色 -->
	<select id="getRoleByUserId" resultType="com.songfayuan.ssm.entity.UserRole" parameterType="java.lang.Integer" >
		select
			*
		from
			userrole
		where
			userid = #{userid}
	</select>
	
	<!-- 保存 -->
	<insert id="save" parameterType="com.songfayuan.ssm.entity.UserRole">
		insert into userrole(
			roleid,userid
		)
		values
			(#{roleid},#{userid})
	</insert>
	
	<select id="getUserRoleById" resultType="com.songfayuan.ssm.entity.UserRole" parameterType="java.lang.Integer" >
		select
			*
		from
			userrole
		where
			userid = #{userid}
	</select>
	
		<!-- 根据id删除 -->
	<delete id="deleteByUserId">
		delete
		from
			userrole
		where
			userid = #{userid}
	</delete>
	
</mapper>