<?xml version="1.0" encoding="UTF-8"?>
<beans xmlns="http://www.springframework.org/schema/beans" 
    xmlns:xsi="http://www.w3.org/2001/XMLSchema-instance"
	xmlns:context="http://www.springframework.org/schema/context" 
	xmlns:mvc="http://www.springframework.org/schema/mvc"
	xmlns:aop="http://www.springframework.org/schema/aop" 
	xmlns:tx="http://www.springframework.org/schema/tx"
	xmlns:p="http://www.springframework.org/schema/p" 
	xmlns:mongo="http://www.springframework.org/schema/data/mongo"
	xsi:schemaLocation="http://www.springframework.org/schema/data/mongo 
		http://www.springframework.org/schema/data/mongo/spring-mongo-1.8.xsd
		http://www.springframework.org/schema/aop 
		http://www.springframework.org/schema/aop/spring-aop-4.0.xsd
		http://www.springframework.org/schema/mvc 
		http://www.springframework.org/schema/mvc/spring-mvc-4.0.xsd
		http://www.springframework.org/schema/beans 
		http://www.springframework.org/schema/beans/spring-beans-4.0.xsd
		http://www.springframework.org/schema/tx 
		http://www.springframework.org/schema/tx/spring-tx-4.0.xsd
		http://www.springframework.org/schema/context 
		http://www.springframework.org/schema/context/spring-context-4.0.xsd">
		
    <!-- 静态资源访问 -->
	<mvc:resources mapping="/resources/**" location="/resources/" />
	<mvc:resources mapping="/statics/**" location="/statics/" />
	
	<!-- Jackson全局配置,在程序中需要的地方直接注入使用 -->
	<bean id="objectMapper" class="com.fasterxml.jackson.databind.ObjectMapper">
		<property name="serializationInclusion" value="NON_NULL" />
		<property name="dateFormat">
			<bean class="java.text.SimpleDateFormat">
				<constructor-arg value="yyyy-MM-dd HH:mm:ss" />
			</bean>
		</property>
	</bean>
		
    <!-- 设置需要进行Spring注解扫描的类包 -->
	<context:component-scan base-package="com.sms" />
	<!-- 默认注解映射支持 -->
	<mvc:annotation-driven>
		<mvc:message-converters register-defaults="true">
		    <!-- 对于对象类型的配置 -->
			<bean class="org.springframework.http.converter.json.MappingJackson2HttpMessageConverter">
				<property name="objectMapper" ref="objectMapper" />
				<property name="supportedMediaTypes">
					<list>
						<value>text/plain;charset=UTF-8</value>
						<value>application/json;charset=UTF-8</value>
					</list>
				</property>
			</bean>
			<!-- 对于字符串类型的配置 -->
			<bean class="org.springframework.http.converter.StringHttpMessageConverter">  
            	<property name="supportedMediaTypes" value = "text/html;charset=UTF-8" />  
        	</bean> 			
		</mvc:message-converters>
	</mvc:annotation-driven>

   <!-- freemarker的配置 -->
	<bean id="freemarkerConfig" class="org.springframework.web.servlet.view.freemarker.FreeMarkerConfigurer">
		<property name="templateLoaderPath" value="/views/" />
		<property name="defaultEncoding" value="utf-8" />
		<property name="freemarkerSettings">
			<props>
				<prop key="default_encoding">UTF-8</prop>
				<prop key="output_encoding">UTF-8</prop>
				<prop key="template_update_delay">10</prop>
				<prop key="locale">zh_CN</prop>
				<prop key="datetime_format">yyyy-MM-dd HH:mm</prop>
				<prop key="date_format">yyyy-MM-dd</prop>
				<prop key="time_format">HH:mm:ss</prop>
				<prop key="number_format">#.##</prop>
			</props>
		</property>
	</bean>
	
	<!-- FreeMarker视图解析 -->
	<bean id="viewResolver" class="org.springframework.web.servlet.view.freemarker.FreeMarkerViewResolver">
		<property name="viewClass" value="org.springframework.web.servlet.view.freemarker.FreeMarkerView"></property>
		<property name="suffix" value=".html" />
		<property name="contentType" value="text/html;charset=utf-8" />
		<property name="exposeRequestAttributes" value="true" />
		<property name="exposeSessionAttributes" value="true" />
		<property name="exposeSpringMacroHelpers" value="true" />
		<property name="cache" value="false" />
		<property name="requestContextAttribute" value="rc"></property>
	</bean>
    

</beans>