<?xml version="1.0" encoding="UTF-8"?>  
<beans xmlns="http://www.springframework.org/schema/beans"  
	xmlns:xsi="http://www.w3.org/2001/XMLSchema-instance" 
	xmlns:p="http://www.springframework.org/schema/p"  
	xmlns:context="http://www.springframework.org/schema/context"  
	xmlns:mvc="http://www.springframework.org/schema/mvc"  
	xsi:schemaLocation="http://www.springframework.org/schema/beans    
						http://www.springframework.org/schema/beans/spring-beans-3.1.xsd    
						http://www.springframework.org/schema/context    
						http://www.springframework.org/schema/context/spring-context-3.1.xsd    
						http://www.springframework.org/schema/mvc    
						http://www.springframework.org/schema/mvc/spring-mvc-4.0.xsd">
						 
		
		<!-- 引入jdbc属性配置文件 -->  
		<bean id="propertyConfigurer" class="org.springframework.beans.factory.config.PropertyPlaceholderConfigurer">  
			<property name="location" value="classpath:jdbc.properties" />  
		</bean>  
		
		<!-- 使用阿里巴巴的数据库连接池 -->
		<bean id="dataSource" class="com.alibaba.druid.pool.DruidDataSource"  destroy-method="close">  
			<property name="driverClassName" value="${driver}" />  
			<property name="url" value="${url}" />  
			<property name="username" value="${username}" />  
			<property name="password" value="${password}" /> 
			<!-- 连接池参数 --> 
			<property name="maxActive" value="800"/>
        	<property name="minIdle" value="10"/>
		</bean>  

		<!-- spring和MyBatis完美整合，不需要单独配置mybatis的映射文件 --> 
		<bean id="sqlSessionFactory" class="org.mybatis.spring.SqlSessionFactoryBean">  
			<property name="dataSource" ref="dataSource" />  
			<!-- mapping.xml文件位置 -->  
			<property name="mapperLocations" value="classpath:com/sms/dao/*.xml"></property>  
		</bean>  

		<!-- DAO接口所在包名，Spring会自动查找其下的类 -->  
		<bean class="org.mybatis.spring.mapper.MapperScannerConfigurer">  
			<property name="basePackage" value="com.sms.dao" />  
			<property name="sqlSessionFactoryBeanName" value="sqlSessionFactory"></property>  
		</bean>  

		<!-- (事务管理)transaction manager, use JtaTransactionManager for global tx -->  
		<bean id="transactionManager"  class="org.springframework.jdbc.datasource.DataSourceTransactionManager">  
			<property name="dataSource" ref="dataSource" />  
		</bean>  
  
</beans>  
