<?xml version="1.0" encoding="UTF-8" ?>
<!DOCTYPE configuration
  PUBLIC "-//mybatis.org//DTD Config 3.0//EN"
  "http://mybatis.org/dtd/mybatis-3-config.dtd">
<configuration>
    
    <!-- 引入外部配置文件，一般数据库连接参数放在属性文件中 -->
    <properties resource="mysql.properties"></properties>
 
    <!-- 配置mybatis运行环境，可以配置一个，或者很多环境，比如开发环境、测试环境、生产环境 -->
	<environments default="sms">
    	<environment id="sms">
    	    <!-- type="JDBC" 代表使用JDBC的提交和回滚来管理事务 -->
      		<transactionManager type="JDBC"/>
      		
      		<!-- mybatis提供了3种数据源类型，分别是：POOLED,UNPOOLED,JNDI -->
      		<!-- POOLED 表示支持JDBC数据源连接池 -->
      		<!-- UNPOOLED 表示不支持数据源连接池 -->
      		<!-- JNDI 表示支持外部数据源连接池 -->
			<dataSource type="POOLED">
				<property name="driver" value="${driver}"/>
				<property name="url" value="${url}"/>
				<property name="username" value="${username}"/>
				<property name="password" value="${password}"/>
			</dataSource>
		</environment>
	</environments>
	
	<mappers>
	    <!-- 告知映射文件方式1，一个一个的配置-->
		<mapper resource="mapper/UserInfoMapper.xml"/>
		
		
		<!-- 告知映射文件方式2，自动扫描：这种方式必须保证接口名（例如IUserInfoDao）-->
		<!-- 和xml名（IUserInfoDao.xml）相同，还必须在同一个包中
		<package name="com.sms.dao" /> -->
		
	</mappers>

</configuration>